"ticker","fecha2","mind2mexico_1","mind2mexico_30","mind2mexico_32","econ_capitalizbursat","mind2mexico_54","deuda_cp","mind2mexico_199","Year","Mes","tasa_inversion","CF","qtobin","Periodo","Q"
"LIVEPOL",199503,4785459,2685316,634936,4326.3,1221078,0,-178647,"1995","03",0.0160647995220328,-5.62085822922325,0.904051210134702,1995-03-01,1.21375913517663
"LIVEPOL",199506,5409733,3311813,732386.1,4446.475,1174023,0,70104.99,"1995","06",0.0828764417914508,-3.36019896980103,0.821939825865713,1995-06-01,1.04975907226888
"LIVEPOL",199509,5917140,3531877,778882.4,6382.647,1333974,42557.5,354015.1,"1995","09",0.0856494097113677,-7.87715096062319,1.07147870423887,1995-09-01,1.39262837086852
"LIVEPOL",199512,6100103,3195140,786677.5,6943.466,1739591,831554.1,795408.9,"1995","12",-0.183164153035863,9.00300438899858,1.00193585255856,1995-12-01,1.59235108170784
"LIVEPOL",199603,6213284,3458927,844969.4,8527.106,1552467,784450.9,-75727.27,"1996","03",0.288089371977078,-0.576106679653171,1.2461453717551,1996-03-01,1.82953031625142
"LIVEPOL",199606,6250327,3697405,867782.8,8015.65,1616872,874874.6,-2106.346,"1996","06",0.116429279068595,-1.03004559304552,1.14246429026833,1996-06-01,1.72995097610746
"LIVEPOL",199609,6726836,3892460,901600.9,8451.886,1723188,902209.7,98558.71,"1996","09",0.102093872464981,-0.721597440335172,1.12232203966322,1996-09-01,1.68914479995395
"LIVEPOL",199612,6580509,3572273,896535.5,9445.111,1767718,76486.78,-271305.5,"1996","12",0.118033325613275,-1.34108934410968,1.42369294229367,1996-12-01,1.96250179989117
"LIVEPOL",199703,6941122,3807242,930736,10544.11,1743654,74538,569234,"1997","03",0.100700303880365,-8.51689582893983,1.50834000612581,1997-03-01,2.02870128300934
"LIVEPOL",199706,7227393,4094729,959223.1,13397.42,1875396,83523.45,870318.4,"1997","06",0.107460232243966,-414.188716383728,1.84214370935689,1997-06-01,2.50325626116756
"LIVEPOL",199709,7429799,4549796,1104791,15968.14,1772562,509631.9,1034338,"1997","09",0.168874182393653,9.49463817048742,2.08060919279243,1997-09-01,2.82260403797826
"LIVEPOL",199712,8410992,4741725,1195712,18463.07,2267244,435063.4,582386,"1997","12",0.327369156836558,-3.14660594790743,2.14338648758672,1997-12-01,3.00518022549102
"LIVEPOL",199803,8342943,5023666,1233780,18024.92,1806565,449344.4,-246154.5,"1998","03",0.319502674114228,-1.43243112674225,2.10663977927213,1998-03-01,2.75763121410665
"LIVEPOL",199806,8639805,5311132,1338542,17665.52,1877885,451127,-61584.42,"1998","06",0.297065568930203,-1.07076079283168,1.99245156574714,1998-06-01,2.61250059154796
"LIVEPOL",199809,9494919,5741982,1405252,17134.27,2243062,505609.4,209853.4,"1998","09",0.262030649286254,-0.797113322724293,1.75132200706504,1998-09-01,2.36274239825744
"LIVEPOL",199812,10410625,6081295,1598839,18001.18,3031885,694823.1,827636.3,"1998","12",0.282506893588304,0.421112973182735,1.66237443957495,1998-12-01,2.43960079905241
"LIVEPOL",199903,10127870,6542206,1706557,17922.2,2423953,586867.6,21656.96,"1999","03",0.302277261266971,-1.08798116630003,1.71164641726246,1999-03-01,2.32637501156879
"LIVEPOL",199906,11215129,6817826,1782700,22714.62,3053958,1002960,16256.74,"1999","06",0.283686039059093,-1.26397488195878,1.93592601565261,1999-06-01,2.78325500102865
"LIVEPOL",199909,12206379,7197009,1895655,23062.03,3730748,1248674,47614.4,"1999","09",0.253401525814605,-0.773106368541086,1.78704560951286,1999-09-01,2.72098089216012
"LIVEPOL",199912,12972439,7390088,2052650,24810.88,3768877,1283907,200966.8,"1999","12",0.215216166951283,-0.757179814370153,1.81361215111515,1999-12-01,2.69579104264197
"LIVEPOL",200003,12665744,7708889,2068701,24136.63,5198750,1119661,107631,"2000","03",0.178331743145966,3.96981109075327,1.81726150473277,2000-03-01,3.23244266702237
"LIVEPOL",200006,13692065,7860029,2183979,21704.3,6060237,1209991,376327.4,"2000","06",0.1528644174844,22.1490077346381,1.49680190679784,2000-06-01,2.84391891431516
"LIVEPOL",200009,15264183,8086638,2253149,21888,7254181,2387900,-543936.1,"2000","09",0.12361093337524,-12.4237730602507,1.27750695861023,2000-09-01,2.73258358736989
"LIVEPOL",200012,16400474,8557645,2352766,22548.05,7439689,2610980,-318367.7,"2000","12",0.157989593628655,-2.58418057111921,1.21563986504292,2000-12-01,2.51630298015185
"LIVEPOL",200103,16426363,8819792,2393038,20211.96,7295764,2652030,266989,"2001","03",0.144106757796097,1.48059573914579,1.06900900704556,2001-03-01,2.21365104304767
"LIVEPOL",200106,16995924,9187107,2551141,20132.94,7823812,2473492,922044.7,"2001","06",0.168838817261361,1.45011311958683,1.03904018398764,2001-06-01,2.1950168074703
"LIVEPOL",200109,17864420,9312566,2656812,16876.17,8286378,3028182,634009.9,"2001","09",0.151599218364913,-2.16559628971124,0.77517143013879,2001-09-01,1.76196450172175
"LIVEPOL",200112,18388334,9940044,3030538,17547.27,8022187,2195407,2182960,"2001","12",0.161539652556282,-7.85672572940031,0.834869705977714,2001-12-01,1.69274755605916
"LIVEPOL",200203,18494424,10153718,3137450,16853.28,7816999,1803596,734569.6,"2002","03",0.151242342223037,1.75131035361007,0.813741698578988,2002-03-01,1.57840303256637
"LIVEPOL",200206,20059996,10350198,3240748,15451.01,9221817,1494191,568151.1,"2002","06",0.126600354170252,-0.383813930062176,0.695753827667762,2002-06-01,1.42560941279896
"LIVEPOL",200209,20933420,10629862,3335546,14093.06,9650838,825024.1,-153985.7,"2002","09",0.141453601510046,-1.24287586045581,0.633820746920475,2002-09-01,1.24909883216448
"LIVEPOL",200212,22406452,11323650,3583420,16836.68,10303627,849375.4,600223,"2002","12",0.139195158492256,-0.725041686517389,0.713513438004375,2002-12-01,1.3911363669226
"LIVEPOL",200303,22376102,11694859,3688734,14093.06,9938572,629754.8,595252.5,"2003","03",0.151780953538398,-0.189658134504886,0.601682330550692,2003-03-01,1.13310761863489
"LIVEPOL",200306,23285252,12017936,3950718,14152.29,10555614,466132,1416743,"2003","06",0.161131023773651,1.49360249412524,0.587760785238657,2003-06-01,1.11175903038248
"LIVEPOL",200309,23834620,12261910,4067102,15474.74,10755060,437458.3,1789146,"2003","09",0.153534260369514,-12.6189100676232,0.630900836682104,2003-09-01,1.18312389713415
"LIVEPOL",200312,25539090,12817075,4367244,16923.12,11707279,0,3361478,"2003","12",0.131885478622176,4.60038185807608,0.662635982722955,2003-12-01,1.22349271545136
"LIVEPOL",200403,25083308,13166812,4461201,21475.14,11216923,0,443763,"2004","03",0.125863253246576,-0.254496201191931,0.85615262548305,2004-03-01,1.54871943913284
"LIVEPOL",200406,26806424,13470914,4533258,22604.13,12297188,0,1110411,"2004","06",0.120900793613812,-0.216222702353214,0.843235561744453,2004-06-01,1.55791318026669
"LIVEPOL",200409,28669764,14345119,4650709,23527.83,13533339,425944.8,980393.4,"2004","09",0.169892700240012,-0.452032757527893,0.805792653193797,2004-09-01,1.55438486961089
"LIVEPOL",200412,31861662,15294015,4906490,25501.72,15241727,1960138,1246309,"2004","12",0.193253140829713,-0.629237793613405,0.738868612691956,2004-12-01,1.53440551963651
"LIVEPOL",200503,31937070,15884170,5010307,26855.77,15372221,3332388,-588022.8,"2005","03",0.20637934224321,-2.32508298348443,0.73655416730464,2005-03-01,1.62125051668144
"LIVEPOL",200506,33344686,16361432,5111149,29662.53,16050516,758301.7,-141656.8,"2005","06",0.214574749716315,-1.12757150280392,0.866831623485673,2005-06-01,1.71517511392568
"LIVEPOL",200509,34475480,16806472,5206047,30412.61,16827680,894472.9,303465.7,"2005","09",0.171581218670964,-0.6904653784899,0.856206704011083,2005-09-01,1.72330885436145
"LIVEPOL",200512,36874772,17693172,5754178,32311.43,17589812,98932.02,2127100,"2005","12",0.156869010524705,0.706719601639722,0.873564668549001,2005-12-01,1.67547301109258
"LIVEPOL",200603,36147864,18094832,5920242,32998.28,16896540,682744.3,-64254.12,"2006","03",0.139173907103739,-0.890728522771566,0.893981887837135,2006-03-01,1.7140784706548
"LIVEPOL",200606,38941340,18557260,6144511,33554.9,18749920,1580341,432869.2,"2006","06",0.134207568139512,-4.05576011882239,0.821095499024944,2006-06-01,1.66183953382179
"LIVEPOL",200609,40727764,19338738,6332193,34897.1,19666156,3341869,-2048117,"2006","09",0.150672074424662,-7.74908894151794,0.774784272468285,2006-09-01,1.65690577851416
"LIVEPOL",200612,42491800,20418364,6841235,52533.55,19540420,1083627,1305362,"2006","12",0.154025066844995,-0.386318461755442,1.21082004057253,2006-12-01,2.28890593942499
"LIVEPOL",200703,41267456,21196164,7005249,66651.9,18209976,1954123,-801606.3,"2007","03",0.171393246425278,11.4755626565269,1.56776751636932,2007-03-01,2.89068449804575
"LIVEPOL",200706,43556048,21798920,7113774,80800.2,19516492,2398476,110835,"2007","06",0.174684193679455,-0.743952676697718,1.80001923039482,2007-06-01,3.36113528885475
"LIVEPOL",200709,45270192,22662306,7370099,82679.27,20314690,3515625,-1147965,"2007","09",0.171860645715351,-0.439502235467993,1.74869249505282,2007-09-01,3.3130677956308
"LIVEPOL",200712,49647536,23728396,8014796,81696.25,22463316,985714,-2036734,"2007","12",0.16211053931647,-2.5602828947066,1.62567052673067,2007-12-01,3.00528210851737
"LIVEPOL",200803,48648212,24354132,8117991,80531.76,21822148,1835714,-253429,"2008","03",0.148987713059778,-0.683848542607512,1.61765546491205,2008-03-01,3.00199686394545
"LIVEPOL",200806,50067432,24354090,8205027,79055.34,21712056,1670714,1467247,"2008","06",0.117215440030974,12.2381197275229,1.54560805115789,2008-06-01,2.78801945705111
"LIVEPOL",200809,51243796,25116064,8210942,65570.16,22562044,1660714,1708231,"2008","09",0.108274859584016,-2.48805146498369,1.2471645543199,2008-09-01,2.2861281277378
"LIVEPOL",200812,55513088,26720380,8599833,52345.64,25326116,1585714,4896149,"2008","12",0.126092973161776,-3.40392167067472,0.914377632892625,2008-12-01,1.73404738971501
"LIVEPOL",200903,53481060,27053598,8783907,46779.41,23943432,1785714,1058287,"2009","03",0.110842217657357,-5.17587174317067,0.841301500007666,2009-03-01,1.58372263338139
"LIVEPOL",200906,54545676,27063944,9142102,63853.03,23960632,1885714,3452643,"2009","06",0.111268949075905,1.35314367655889,1.13606284758484,2009-06-01,2.08772071735453
"LIVEPOL",200909,55066888,26840684,9262267,73623.33,23990376,1885714,4970777,"2009","09",0.0686660139104599,1.9098974319047,1.30273597447526,2009-09-01,2.36909888728825
"LIVEPOL",200912,59168044,26743008,9097218,80235.59,25831388,1492857,8586370,"2009","12",0.00084684424398156,0.753698672160508,1.33083211268569,2009-12-01,2.40682778740615
"LIVEPOL",201003,57372040,26803774,9137838,91091.41,24240240,792857,-737992,"2010","03",-0.00923440941201241,-1.69734580506044,1.57391218788804,2010-03-01,2.74936496055149
"LIVEPOL",201006,61820224,27251060,9187865,87301.97,27475780,0,745392,"2010","06",0.00691384818118158,-0.784109738539432,1.41219109785173,2010-06-01,2.54195321956588
"LIVEPOL",201009,63075552,27847308,9349272,91999.44,28015644,0,1589245,"2010","09",0.0375036642136244,-0.680282378388731,1.45855941141823,2010-09-01,2.62406393080096
"LIVEPOL",201012,68277568,28469868,9705633,115064.8,30458496,2250000,5453448,"2010","12",0.0645723921557366,-0.364871534769641,1.6522966957464,2010-12-01,3.04250723021443
"LIVEPOL",201103,64768276,20093432,8999776,118245.4,27009648,1027392,-1226146,"2011","03",-0.250350640920939,0.66146245487756,1.80980589941903,2011-03-01,3.13161272703023
"LIVEPOL",201106,66303424,20821688,9073727,119607.5,27010666,261030,-1127782,"2011","06",-0.235931079378197,-2.51300523751261,1.80000462721201,2011-06-01,3.04400877128554
"LIVEPOL",201109,58933728,18806536,8402956,120174.7,25715588,1492857,-1219505,"2011","09",-0.324655151585927,-1.76734864668443,2.01381869139519,2011-09-01,3.61774319693999
"LIVEPOL",201112,73023056,22319404,9653748,139963.1,29764070,0,2052790,"2011","12",-0.216034159343486,-0.623579430848153,1.91669737842799,2011-12-01,3.23546881103501
"LIVEPOL",201203,75697984,23092036,9829582,142116.8,32354784,0,-732155,"2012","03",0.14923304291671,-0.402881059841161,1.87741855846518,2012-03-01,3.27887188763174
"LIVEPOL",201206,78186016,24408872,10026865,149236.5,33060250,0,197325,"2012","06",0.17228113301861,-1.17496732524548,1.90873646765683,2012-06-01,3.30712391674415
"LIVEPOL",201209,79691776,25422870,10154351,150667.5,33237988,0,422291,"2012","09",0.351810349338124,-1.34628066305591,1.89062796140972,2012-09-01,3.24338458685005
"LIVEPOL",201212,85109856,26490564,10821517,181297.2,35580144,0,3186573,"2012","12",0.186884918611626,0.552313193263802,2.13015517262772,2012-12-01,3.66037258605501
"LIVEPOL",201303,85057440,26910504,11074406,200591.8,35535364,0,-182024,"2013","03",0.1653586543863,-0.751385977013064,2.35830986683822,2013-03-01,4.05055313109249
"LIVEPOL",201306,87154648,27501258,11141187,204104.6,35757856,0,420677,"2013","06",0.126691065445384,1.13189915114659,2.34186706829451,2013-06-01,3.97115446427084
"LIVEPOL",201309,90716704,28103432,11410216,200895,38075632,2525024,-1213141,"2013","09",0.1054390003961,-3.87276072660796,2.18669734738158,2013-09-01,3.81631665859692
"LIVEPOL",201312,94581448,29054264,12082248,200001,39754112,6011128,3018521,"2013","12",0.0967778564472995,-0.0527375333940255,2.05103512477415,2013-12-01,3.64783362810114
"LIVEPOL",201403,93078288,29366196,12175995,186766.9,37245360,6590285,-1230656,"2014","03",0.0912540322544684,5.76095459939349,1.93575342726544,2014-03-01,3.34510309042005
"LIVEPOL",201406,94824272,29589636,12275544,208910.7,37265176,4600000,1237306,"2014","06",0.0759375443843333,1.94122569096956,2.15462450373466,2014-06-01,3.6294993236169
"LIVEPOL",201409,95908992,29701592,12495399,206899.6,37111668,4490000,1277450,"2014","09",0.0568670758788464,-2.0530103260874,2.11043402478883,2014-09-01,3.51886082434636
"LIVEPOL",201412,1.03e+08,30390284,13108421,204339.1,40771836,0,7583209,"2014","12",0.0459836119063281,1.51222668320015,1.98387475728155,2014-12-01,3.28370767937168
"LIVEPOL",201503,1.01e+08,30545364,13256231,241024.9,38124764,0,-2041412,"2015","03",0.0401539239198703,0.658799859587082,2.38638514851485,2015-03-01,3.83338362340302
"LIVEPOL",201506,1.04e+08,31064514,11653699,246478.3,39547116,0,-644617,"2015","06",0.0498444117392995,-1.52098429976093,2.36998365384615,2015-06-01,3.82416246881986
"TLEVISA",199503,27279900,9371813,6980845,17736.6,16758892,284440,982417,"1995","03",1.04618527952973,2.63964641506219,0.639744280587539,1995-03-01,1.68582706143746
"TLEVISA",199506,24964216,8816524,6171559,19776,15354570,2683414,1349039,"1995","06",0.577746930188669,0.645301938936549,0.684683468529514,1995-06-01,2.05793220686797
"TLEVISA",199509,19491216,7060058,4529471,19621.5,11038970,2059447,204048.8,"1995","09",0.135437434936029,-0.778996711737667,0.901023979211969,1995-09-01,2.32145396620023
"TLEVISA",199512,24724820,7719832,5430510,28119,14939284,2386972,1623240,"1995","12",-0.000743892464241192,-7.37301976796686,1.04073671719349,1995-12-01,2.87352680527669
"TLEVISA",199603,24013656,7874828,5381813,29200.5,14605865,2344994,-118197.9,"1996","03",-0.159732700599126,-1.12031336998444,1.11834307945446,1996-03-01,3.10386359560921
"TLEVISA",199606,24989508,8210672,5732895,36338.4,15498093,165606.4,-391653.8,"1996","06",-0.068717784922947,-1.29032059117639,1.44751923887417,1996-06-01,3.82855454113006
"TLEVISA",199609,24580620,8489367,5790293,33372,14988535,533730.3,-1696962,"1996","09",0.202450036529445,-9.31645175075766,1.33594147340466,1996-09-01,3.4791184606892
"TLEVISA",199612,29366816,9089475,5229059,31209,19165348,3304717,-103427.8,"1996","12",0.177418757299382,-1.06371688721323,0.950197767439276,1996-12-01,3.05926558805066
"TLEVISA",199703,30246816,9583686,6270386,30591,19773856,3698411,104344,"1997","03",0.217002580881767,-1.88279064179651,0.88910479040174,1997-03-01,2.92095071498411
"TLEVISA",199706,30259728,9904620,5819949,37389,14823354,149855.3,4468079,"1997","06",0.206310518797974,-12.4082360492864,1.23065034490726,1997-06-01,2.42213618301811
"TLEVISA",199709,31016460,9774870,5491021,42672.9,14693643,1319101,-338392.4,"1997","09",0.151425070915181,-0.80058928838713,1.33328558449288,1997-09-01,2.614309772633
"TLEVISA",199712,34163568,9850893,5567771,48543.9,17651556,138404.2,-93024.71,"1997","12",0.0837691945904466,-0.100583112083985,1.4168747187062,1997-12-01,2.93991428785299
"TLEVISA",199803,36323636,10353296,6040018,48420.3,18112802,156830.2,-1031499,"1998","03",0.0803041752411337,-10.8855612205781,1.32870701049862,1998-03-01,2.65887328389243
"TLEVISA",199806,35531492,10529439,6170622,51912,17619164,591735.5,-2481056,"1998","06",0.0630835912937599,-1.55528472079388,1.44435996383152,1998-06-01,2.89811575580796
"TLEVISA",199809,40179772,11158605,7085049,29973,20984616,3209844,-2445659,"1998","09",0.141560450420312,6.22728701944843,0.666085312778778,1998-09-01,1.5614877003344
"TLEVISA",199812,42112832,11768262,7551996,38553.09,21272386,142697.6,-4466553,"1998","12",0.194639105307509,47.0146941602935,0.91208286348446,1998-12-01,1.84991674362439
"TLEVISA",199903,41337000,11909013,7494318,46489.6,20009896,136239,606964.3,"1999","03",0.150262969396413,-1.58842936347975,1.12135280741225,1999-03-01,2.17983651226158
"TLEVISA",199906,37878840,11917366,7377870,65209,18880100,117082.9,42560.73,"1999","06",0.13181395514044,-1.01715428027421,1.71842424688824,1999-06-01,3.43228024595315
"TLEVISA",199909,37052792,11990833,7677655,57149.67,17218236,725688.7,450405.7,"1999","09",0.0745817241492104,-1.18416537219621,1.52279972046371,1999-09-01,2.88131834158526
"TLEVISA",199912,43222672,12008505,7868224,98444.29,22545662,735483.8,1356918,"1999","12",0.0204144843138265,-1.30379534285164,2.26059152937144,1999-12-01,4.76105055808359
"TLEVISA",200003,42919116,12208595,7718739,97351.47,23903144,737513.8,1892936,"2000","03",0.0251559050275619,2.11869413077507,2.2510705066712,2000-03-01,5.11945800088473
"TLEVISA",200006,40051940,12275403,8070101,103339.6,22255206,252228.9,-470629.5,"2000","06",0.0300432998365578,-12.0578342993647,2.5738421434767,2000-06-01,5.80666093003357
"TLEVISA",200009,39051868,12446210,8037451,83313.69,22661084,285519.6,-690096.6,"2000","09",0.0379770946689025,-2.53216666662966,2.12609984239422,2000-09-01,5.08295942402755
"TLEVISA",200012,45028200,12583065,8188950,66345.21,27441948,288831.3,512280.7,"2000","12",0.0478460890843615,-0.62246745934537,1.46700020653724,2000-12-01,3.77256108919627
"TLEVISA",200103,43501152,12510825,8082837,48031.49,26030476,286360.1,1800979,"2001","03",0.0247555103597097,-0.0485790327829361,1.09756012668354,2001-03-01,2.74926339427278
"TLEVISA",200106,40710188,12556918,7859830,55246.91,23127308,347079.8,494149.6,"2001","06",0.0229332592991041,-2.04997583024439,1.34855260801055,2001-06-01,3.14208536940478
"TLEVISA",200109,39871956,12844308,8402961,41977.87,21760064,349484.8,354327.2,"2001","09",0.0319854799171796,-1.5134457987476,1.04405174403784,2001-09-01,2.31769657195394
"TLEVISA",200112,49200392,13941702,8661422,59588.39,30471592,321990.8,2719539,"2001","12",0.107973454798175,4.30868916201606,1.20459201219372,2001-12-01,3.18164484643971
"TLEVISA",200203,47546932,13984773,8412288,67307.33,28575840,313801.8,2062511,"2002","03",0.117813813237736,0.145216573874543,1.40899791809911,2002-03-01,3.54788907248987
"TLEVISA",200206,49926492,14793541,9169345,56411.48,28513116,1201795,2103238,"2002","06",0.178118786791472,3.25627785593674,1.10581943149541,2002-06-01,2.63440384178562
"TLEVISA",200209,48957876,15075586,9570495,39484.99,26410068,1212832,2701794,"2002","09",0.173717260595121,6.62513857248329,0.781736487097602,2002-09-01,1.7511675636053
"TLEVISA",200212,56414748,15343219,9737670,43929.72,35090264,1232822,4035690,"2002","12",0.100526965789399,0.483961068401667,0.756839293157881,2002-12-01,2.06006016370666
"TLEVISA",200303,55911272,15470730,9986160,41015.94,34144496,1263680,2487727,"2003","03",0.106255353590652,0.206164233790753,0.710988295884236,2003-03-01,1.88433693625551
"TLEVISA",200306,52872540,15329161,9997328,54361.48,30592888,282393.3,2646904,"2003","06",0.0362063416730315,0.25849000445979,1.02281991181055,2003-06-01,2.43996091141819
"TLEVISA",200309,52005352,15324567,10388124,60534.75,28800220,284263.1,2892409,"2003","09",0.0165155105745143,0.070551270748251,1.15854396870537,2003-09-01,2.60867940764138
"TLEVISA",200312,64759212,15600691,11399322,67525.32,37232896,285193.1,6437334,"2003","12",0.0167808332788576,0.595101209458606,1.03830983767993,2003-12-01,2.45311868104689
"TLEVISA",200403,62694760,15580165,11396774,78865.85,34447616,248462.3,2899378,"2004","03",0.00707368042749114,0.165472738769166,1.25397063008137,2004-03-01,2.79199376758231
"TLEVISA",200406,61376132,18512624,14531807,81626.52,37112580,162965.1,2920722,"2004","06",0.207673661983197,0.103448406137888,1.32728394972821,2004-06-01,3.36416201552023
"TLEVISA",200409,59566308,18733072,14938859,87469.59,33669940,2406591,2063102,"2004","09",0.22242096628244,-0.286718441271618,1.42803880005455,2004-09-01,3.37767790448452
"TLEVISA",200412,73921056,19159560,18895080,98228.1,46317036,3297090,7762783,"2004","12",0.228122523547194,0.20590029972035,1.28422150787456,2004-12-01,3.55847083142238
"TLEVISA",200503,70179656,19185048,19292944,96385.74,41742348,2322700,3097455,"2005","03",0.231376432791309,0.0683170666260143,1.34031776958268,2005-03-01,3.38941154345552
"TLEVISA",200506,66027212,19096782,19037340,85119.47,41027000,2335833,4935681,"2005","06",0.0315545759477425,0.689883871179797,1.2537805927653,2005-06-01,3.40474992772061
"TLEVISA",200509,61352160,19071314,19542446,112199.6,34616624,184135.1,5197515,"2005","09",0.018055874658465,1.51927195068397,1.82577866696136,2005-09-01,4.19664674012894
"TLEVISA",200512,74851680,19728532,19606628,124151.1,44987780,340456.4,11296978,"2005","12",0.0296965066003603,0.455274223174859,1.65407968932695,2005-12-01,4.15722996661521
"TLEVISA",200603,76060152,19761860,20260436,125996.4,43643520,383706.2,4494804,"2006","03",0.0300657053346961,0.451128103555984,1.65149149057709,2006-03-01,3.88678256272891
"TLEVISA",200606,76089048,20168706,21287708,127937.2,4.2e+07,1161915,7706288,"2006","06",0.0561311324599087,0.561342396317752,1.66614366104305,2006-06-01,3.75302941871536
"TLEVISA",200609,72464232,20429384,21471464,135371.8,39227612,1172492,8761644,"2006","09",0.0712100907153015,0.68573712629978,1.85193859502989,2006-09-01,4.0729713189849
"TLEVISA",200612,83063752,20975932,21812958,168891.1,46426100,1072543,13914756,"2006","12",0.0632282219477861,0.231723740632229,2.02035849524351,2006-12-01,4.6097686609393
"TLEVISA",200703,81377416,21057694,22381148,189220.9,43890680,1328796,4464548,"2007","03",0.0655724714171642,-0.00673132799561449,2.3088973972828,2007-03-01,5.04767606334144
"TLEVISA",200706,77803320,21007284,22562724,169188.9,43889552,576155.5,4464548,"2007","06",0.0415781756152328,-0.42066167264966,2.16716644611053,2007-06-01,4.98879688037024
"TLEVISA",200709,77562640,21533068,23674406,149299.6,41032616,582171.9,6517502,"2007","09",0.0540243406262274,-0.256132524900578,1.91738481439002,2007-09-01,4.08703810323256
"TLEVISA",200712,98703472,25853924,28120276,146902.8,58053176,586346,11611890,"2007","12",0.232551859912589,-0.165498122999785,1.4823840644633,2007-12-01,3.61381870380476
"TLEVISA",200803,97263752,25748228,28322780,146318.1,55903284,346927,5492519,"2008","03",0.222746802190211,0.230251976235892,1.50077670250681,2008-03-01,3.53763163414882
"TLEVISA",200806,1.02e+08,29647372,34074340,137657.1,60226088,1270928,7353378,"2008","06",0.411290102994752,0.647059903936524,1.33711933333333,2008-06-01,3.29528869596891
"TLEVISA",200809,1.01e+08,29953452,34632412,132706.4,57275632,1279899,10402552,"2008","09",0.391044323084848,0.596094945578843,1.30125248514851,2008-09-01,3.03506731074992
"TLEVISA",200812,1.23e+08,30798398,36083264,114650.9,75600128,2421981,22257792,"2008","12",0.191246558936276,0.916810441711039,0.912430235772358,2008-12-01,2.41880189043548
"TLEVISA",200903,1.22e+08,30545434,36467044,109197,74191368,1360661,4218115,"2009","03",0.186312083301422,-0.232025414932566,0.883904418032787,2009-03-01,2.28404360116391
"TLEVISA",200906,1.12e+08,30371136,37023364,126151.4,65682420,682358,4366389,"2009","06",0.0244124167228043,-0.406206372091847,1.12025930357143,2009-06-01,2.72361811649054
"TLEVISA",200909,1.1e+08,31236884,37873384,140932.1,61701580,688902,8276002,"2009","09",0.0428475489235765,-0.204425798592499,1.27493816363636,2009-09-01,2.91794431370633
"TLEVISA",200912,1.27e+08,33071464,40628372,151672.8,82096232,1668286,15135575,"2009","12",0.0738046829578603,-0.319987580079821,1.18113790551181,2009-12-01,3.37772990453719
"TLEVISA",201003,1.23e+08,35574888,42415496,146557.8,78209696,1621619,3900370,"2010","03",0.164654854797611,-0.0753286716933986,1.17834293495935,2010-03-01,3.2720876375387
"TLEVISA",201006,1.23e+08,36600408,44201276,126238.4,76108184,1184138,8207480,"2010","06",0.205105004962607,0.879695098169219,1.01670131707317,2010-06-01,2.6921200919154
"TLEVISA",201009,1.2e+08,37442000,46175692,132899.9,70371360,2207574,9948362,"2010","09",0.198647086565997,0.202073416608647,1.08910271666667,2010-09-01,2.67788720384036
"TLEVISA",201012,1.37e+08,38651848,49113892,177540.4,84612864,1749279,16864908,"2010","12",0.168737132411193,0.114256181215448,1.28314686861314,2010-12-01,3.38900756094015
"TLEVISA",201103,1.38e+08,38731336,50119900,162509.7,87376520,1319480,4267629,"2011","03",0.0887268569896833,0.094160041226858,1.16804507246377,2011-03-01,3.21016453234744
"TLEVISA",201106,1.45e+08,38859872,51036052,162879.2,91213728,2353638,7133036,"2011","06",0.0617333008965365,-0.130910340323705,1.10707284137931,2011-06-01,3.02826713849958
"TLEVISA",201109,1.45e+08,39730360,52801480,152679.9,90436624,1573045,11942014,"2011","09",0.0611174616740559,0.200400025652464,1.04211624137931,2011-09-01,2.79821211942604
"TLEVISA",201112,1.55e+08,41498968,55918420,166081.5,96204912,1551891,22855172,"2011","12",0.0736606435997575,0.355191027428077,1.0614813483871,2011-12-01,2.82475127854218
"TLEVISA",201203,1.51e+08,40969392,57292624,153336,90848392,1497281,4844995,"2012","03",0.0577841156834869,0.135289642094006,1.00555443046358,2012-03-01,2.5491587855806
"TLEVISA",201206,1.49e+08,41250500,59173780,163966.8,87926144,521709,8847446,"2012","06",0.0615191938872058,0.240347868705555,1.09694691946309,2012-06-01,2.68472978028438
"TLEVISA",201209,1.47e+08,42084144,56561192,173538.8,81980608,520012,13525914,"2012","09",0.0592439635583468,0.13263256934718,1.17699855782313,2012-09-01,2.66903141758077
"TLEVISA",201212,1.65e+08,48267320,64893812,194773.8,96531576,814257,22556064,"2012","12",0.163096875083737,-0.0130871034354937,1.17551238181818,2012-12-01,2.84472445283683
"TLEVISA",201303,1.64e+08,48234876,66863576,186824.7,94309008,866831,3545163,"2013","03",0.17733931711752,-0.268283455400883,1.13388944512195,2013-03-01,2.68075822482194
"TLEVISA",201306,1.7e+08,48430688,68542704,184544.6,98383312,874592,6924802,"2013","06",0.174063053781166,-0.217310622749209,1.08041181176471,2013-06-01,2.57683795709737
"TLEVISA",201309,1.71e+08,49826692,70382896,209890.3,96059168,876239,12274604,"2013","09",0.183977794582207,-0.0925120476146751,1.2223044502924,2013-09-01,2.80074686120378
"TLEVISA",201312,1.94e+08,53476476,74378056,225674.6,1.16e+08,737413,23806204,"2013","12",0.107923041925676,0.0554236767549516,1.15947003608247,2013-12-01,2.8932641025641
"TLEVISA",201403,1.94e+08,53253660,75584432,249664.1,1.14e+08,657919,5604309,"2014","03",0.104048862901607,0.580832531536632,1.28353701546392,2014-03-01,3.12080125
"TLEVISA",201406,2.08e+08,53609684,77453968,257424,1.25e+08,853723,11032035,"2014","06",0.106936246703743,0.593119196765482,1.23351094711538,2014-06-01,3.10149397590361
"TLEVISA",201409,2.08e+08,57854636,84905488,263468.4,1.23e+08,754554,16289617,"2014","09",0.161117338473925,0.327099187884188,1.26304733653846,2014-09-01,3.09962823529412
"TLEVISA",201412,2.36e+08,62009508,87791192,290641.7,1.48e+08,839314,28462940,"2014","12",0.159566086591046,0.195610186319499,1.22797621186441,2014-12-01,3.30274659090909
"TLEVISA",201503,2.43e+08,65487424,92303584,289790.1,1.53e+08,1579428,19134850,"2015","03",0.229726257312643,2.41431031015599,1.18605214814815,2015-03-01,3.21989
"TLEVISA",201506,2.41e+08,67902280,95475656,359203.9,1.49e+08,553818,24412934,"2015","06",0.266604742531219,1.21291303009825,1.48817461410788,2015-06-01,3.9043902173913
"TELMEX",199503,90123440,67171360,82569360,89179.96,23786284,487858,462866,"1995","03",NA,NA,0.984118027452126,1995-03-01,1.34434403549046
"TELMEX",199506,90639696,68031440,86759008,85619.39,22451146,2538775,7701526,"1995","06",NA,NA,0.91660297492613,1995-06-01,1.25562708108619
"TELMEX",199509,93300864,69938704,90634408,94905.66,22094244,2664798,13263427,"1995","09",NA,NA,0.988638883344103,1995-09-01,1.33282074054351
"TELMEX",199512,1.02e+08,82047136,1.07e+08,114791,22606308,4767147,19621190,"1995","12",NA,NA,1.0786652254902,1995-12-01,1.4458453449929
"TELMEX",199603,1.05e+08,83439760,1.12e+08,115911.7,23622678,5019892,4458166,"1996","03",0.242192505853685,8.63165581399368,1.05611245714286,1996-03-01,1.42437348823054
"TELMEX",199606,1.06e+08,85572784,1.18e+08,116447,22559982,4731184,10450817,"1996","06",0.257841727295497,0.35698003226893,1.05392279245283,1996-06-01,1.39557735953509
"TELMEX",199609,1.06e+08,83326080,1.22e+08,108437.9,20891348,3913259,14894952,"1996","09",0.191415843221802,0.123009309735712,0.986081518867925,1996-09-01,1.27411135591714
"TELMEX",199612,1.12e+08,90820640,1.3e+08,115202.9,22467508,3551887,23268814,"1996","12",0.106932483298381,0.185902282175546,0.996884044642857,1996-12-01,1.28671611195632
"TELMEX",199703,1.23e+08,90999144,1.34e+08,129603.1,34199624,12400000,7732069,"1997","03",0.0905969048808386,0.734360945734188,0.952870731707317,1997-03-01,1.45948818955451
"TELMEX",199706,1.27e+08,90007208,1.36e+08,159510,38536248,16700000,9571162,"1997","06",0.0518204947030822,-0.0841709313252734,1.12448818897638,1997-06-01,1.80311140318805
"TELMEX",199709,1.25e+08,88193696,1.37e+08,167698.2,38080080,13500000,17136468,"1997","09",0.0584164765701207,0.15048829966018,1.2335856,1997-09-01,1.92934139838141
"TELMEX",199712,1.28e+08,91673328,1.43e+08,184675.2,39571332,12300000,24409424,"1997","12",0.00938870283230772,0.0490188283768997,1.34668125,1997-12-01,2.08840870474267
"TELMEX",199803,1.33e+08,94279864,1.51e+08,192694,41919000,12300000,8329649,"1998","03",0.0360522072603232,0.0772859114423319,1.35634586466165,1998-03-01,2.11563333735905
"TELMEX",199806,1.43e+08,97812864,1.58e+08,170351.1,47418552,1.2e+07,16166339,"1998","06",0.0867225655971908,0.689067534328643,1.10735034965035,1998-06-01,1.78226113502696
"TELMEX",199809,1.52e+08,1.04e+08,1.74e+08,178140.1,48584696,12100000,21441224,"1998","09",0.179222605661067,0.251204390543022,1.09236907894737,1998-09-01,1.72256999795698
"TELMEX",199812,1.54e+08,1.06e+08,1.8e+08,189956.3,47976184,11600000,32305424,"1998","12",0.156279610575499,0.323481619230343,1.15815779220779,1998-12-01,1.7916380221591
"TELMEX",199903,1.57e+08,1.05e+08,1.84e+08,236799.6,50476316,11600000,11668250,"1999","03",0.113705467373182,0.400809325819131,1.4343923566879,1999-03-01,2.22297606605494
"TELMEX",199906,1.64e+08,1.05e+08,1.86e+08,285626,53397792,8864807,18989144,"1999","06",0.0734784332662011,0.174610033848727,1.68756825,1999-06-01,2.58246200654511
"TELMEX",199909,1.68e+08,1.05e+08,1.9e+08,249505.3,54460620,7801535,29961076,"1999","09",0.00961538461538462,0.39735847169919,1.43871288690476,1999-09-01,2.19752212844565
"TELMEX",199912,1.98e+08,97938736,1.87e+08,396270.2,75535328,24400000,35447324,"1999","12",-0.0760496603773585,0.0972561140197386,1.87813232323232,1999-12-01,3.23579195149439
"TELMEX",200003,2.1e+08,98104224,1.89e+08,470786.3,91134208,27600000,7190223,"2000","03",-0.0656740571428571,-0.383778801448375,2.11041095238095,2000-03-01,3.96065421412411
"TELMEX",200006,2.31e+08,1.01e+08,1.99e+08,412549.5,1.08e+08,35100000,11753964,"2000","06",-0.0380952380952381,-0.381016648249126,1.63398051948052,2000-06-01,3.35406097560976
"TELMEX",200009,1.54e+08,1.01e+08,2.01e+08,363517.5,1e+08,44100000,26747378,"2000","09",-0.0380952380952381,-0.107262436102095,2.07413961038961,2000-09-01,6.73180555555556
"TELMEX",200012,1.57e+08,1.07e+08,2.09e+08,306101.5,1.07e+08,44100000,41839528,"2000","12",0.0925197155903666,0.180329663249051,1.66879936305732,2000-12-01,6.12203
"TELMEX",200103,1.53e+08,1.08e+08,2.15e+08,206982.7,99957144,25700000,10885694,"2001","03",0.100870029816453,0.513957772936945,1.18485424836601,2001-03-01,3.90217864588589
"TELMEX",200106,1.5e+08,1.06e+08,2.13e+08,213384.6,1e+08,22700000,22444852,"2001","06",0.0495049504950495,0.909555959164074,1.27123066666667,2001-06-01,4.267692
"TELMEX",200109,1.56e+08,1.1e+08,2.23e+08,204433.7,1.03e+08,23500000,30060072,"2001","09",0.0891089108910891,0.123851167766799,1.15983141025641,2001-09-01,3.85723962264151
"TELMEX",200112,1.57e+08,1.15e+08,2.23e+08,209718.8,1.06e+08,17500000,46169288,"2001","12",0.0747663551401869,0.10348491503059,1.22432356687898,2001-12-01,4.11213333333333
"TELMEX",200203,1.6e+08,1.17e+08,2.3e+08,236277.5,1.04e+08,11700000,9839226,"2002","03",0.0833333333333333,-0.0961324101155149,1.403609375,2002-03-01,4.21924107142857
"TELMEX",200206,1.63e+08,1.18e+08,2.48e+08,207164.7,1.03e+08,8075412,14368558,"2002","06",0.113207547169811,-0.359828347275357,1.22140667484663,2002-06-01,3.452745
"TELMEX",200209,1.71e+08,1.17e+08,2.53e+08,184824,1.08e+08,1.1e+07,26062048,"2002","09",0.0636363636363636,-0.133001145173571,1.01651461988304,2002-09-01,2.93371428571429
"TELMEX",200212,1.68e+08,1.22e+08,2.66e+08,212738.7,1.07e+08,1.1e+07,36324128,"2002","12",0.0608695652173913,-0.213240455430025,1.2008255952381,2002-12-01,3.48751967213115
"TELMEX",200303,1.71e+08,1.24e+08,2.81e+08,202111.2,1.06e+08,12100000,4870878,"2003","03",0.0598290598290598,-0.504953133508672,1.11117660818713,2003-03-01,3.10940307692308
"TELMEX",200306,1.59e+08,1.19e+08,2.81e+08,204170.7,94205024,18500000,9250441,"2003","06",0.00847457627118644,-0.356202550040164,1.16774025157233,2003-06-01,3.15102670923128
"TELMEX",200309,1.63e+08,1.19e+08,2.9e+08,207056.1,95006280,18800000,16586267,"2003","09",0.0170940170940171,-0.363585432733452,1.15494539877301,2003-09-01,3.04522388244091
"TELMEX",200312,1.86e+08,1.21e+08,3e+08,225218,1.06e+08,20300000,25475926,"2003","12",-0.00819672131147541,-0.298650032287079,1.10170967741935,2003-12-01,2.815225
"TELMEX",200403,1.87e+08,1.2e+08,3.05e+08,232491.6,1.07e+08,1.9e+07,10961582,"2004","03",-0.032258064516129,1.25043246823263,1.14166631016043,2004-03-01,2.906145
"TELMEX",200406,1.88e+08,1.23e+08,3.18e+08,232290.1,1.04e+08,14400000,26745676,"2004","06",0.0336134453781513,1.89128658839076,1.15898989361702,2004-06-01,2.76535833333333
"TELMEX",200409,2.48e+08,1.47e+08,4.05e+08,219306.3,1.53e+08,11300000,41622108,"2004","09",0.235294117647059,1.50943192943898,0.838735080645161,2004-09-01,2.30848736842105
"TELMEX",200412,2.53e+08,1.52e+08,4.12e+08,253446.1,1.45e+08,13200000,63542672,"2004","12",0.256198347107438,1.49422423349793,0.949589328063241,2004-12-01,2.34672314814815
"TELMEX",200503,2.76e+08,1.54e+08,4.28e+08,224953,1.63e+08,2.6e+07,8987604,"2005","03",0.283333333333333,-0.180081488237738,0.720844202898551,2005-03-01,1.99073451327434
"TELMEX",200506,2.61e+08,1.53e+08,4.27e+08,233165.7,1.46e+08,18300000,23723620,"2005","06",0.24390243902439,-0.112992320702606,0.823240229885058,2005-06-01,2.02752782608696
"TELMEX",200509,2.58e+08,1.51e+08,4.28e+08,258091.9,1.42e+08,16300000,35653224,"2005","09",0.0272108843537415,-0.143406576139776,0.937177906976744,2005-09-01,2.22493017241379
"TELMEX",200512,2.56e+08,1.54e+08,4.39e+08,289868.9,1.42e+08,14900000,52429976,"2005","12",0.0131578947368421,-0.174885563515491,1.074097265625,2005-12-01,2.54270964912281
"TELMEX",200603,2.51e+08,1.56e+08,4.54e+08,263951.7,1.34e+08,5937504,9348461,"2006","03",0.012987012987013,0.0401505228757297,1.02794500398406,2006-03-01,2.25599743589744
"TELMEX",200606,2.6e+08,1.6e+08,4.77e+08,247708.4,1.4e+08,7929515,22141710,"2006","06",0.0457516339869281,-0.0666808016651759,0.922226480769231,2006-06-01,2.06423666666667
"TELMEX",200609,2.78e+08,1.64e+08,4.93e+08,287158,1.62e+08,8491818,14975056,"2006","09",0.0860927152317881,-0.579980312579867,1.0023963381295,2006-09-01,2.4755
"TELMEX",200612,2.85e+08,1.2e+08,3.66e+08,309458.3,1.68e+08,8713285,14760161,"2006","12",-0.220779220779221,-0.718478585609118,1.05524566666667,2006-12-01,2.64494273504274
"TELMEX",200703,2.89e+08,1.19e+08,3.73e+08,366576.7,1.7e+08,6147887,1694150,"2007","03",-0.237179487179487,-0.818777657627282,1.24715852249135,2007-03-01,3.08047647058824
"TELMEX",200706,3.02e+08,1.17e+08,3.74e+08,405142.2,1.78e+08,5683494,7463937,"2007","06",-0.26875,-0.662901510316954,1.32271094701987,2007-06-01,3.26727580645161
"TELMEX",200709,3.08e+08,1.18e+08,3.81e+08,353124.3,1.79e+08,5696775,4004198,"2007","09",-0.280487804878049,-0.732608812948679,1.12801144480519,2007-09-01,2.7373976744186
"TELMEX",200712,1.73e+08,1.21e+08,3.9e+08,390740.1,1.31e+08,12300000,15723162,"2007","12",0.00833333333333333,0.0652432585254321,2.18751502890173,2007-12-01,9.30333571428571
"TELMEX",200803,1.71e+08,1.18e+08,3.91e+08,383520.2,1.34e+08,12100000,13572307,"2008","03",-0.00840336134453781,7.01127822211729,2.17204795321637,2008-03-01,10.3654108108108
"TELMEX",200806,1.71e+08,1.15e+08,3.93e+08,231245.6,1.34e+08,12100000,25908000,"2008","06",-0.0170940170940171,2.47109039103626,1.28155321637427,2008-06-01,6.24988108108108
"TELMEX",200809,1.76e+08,1.13e+08,3.93e+08,259769.4,1.38e+08,1.3e+07,38186520,"2008","09",-0.0423728813559322,8.53662131592893,1.40209886363636,2008-09-01,6.83603684210526
"TELMEX",200812,1.87e+08,1.13e+08,3.99e+08,266203.9,1.48e+08,22900000,45905176,"2008","12",-0.0661157024793388,1.91958932942369,1.30109037433155,2008-12-01,6.82574102564103
"TELMEX",200903,1.9e+08,1.12e+08,4e+08,198667.6,1.51e+08,3.8e+07,13928329,"2009","03",-0.0508474576271186,0.0262315021315094,0.845618947368421,2009-03-01,5.09404102564103
"TELMEX",200906,1.85e+08,1.1e+08,4.02e+08,199224.2,1.42e+08,37600000,24334624,"2009","06",-0.0434782608695652,-0.0607293500077196,0.873644324324324,2009-06-01,4.63312093023256
"TELMEX",200909,1.8e+08,1.07e+08,4.03e+08,219251.5,1.36e+08,23300000,30975372,"2009","09",-0.0530973451327434,-0.188840145684917,1.08861944444444,2009-09-01,4.98298863636364
"TELMEX",200912,1.78e+08,1.06e+08,4.03e+08,199398.9,1.4e+08,19800000,40235168,"2009","12",-0.0619469026548673,-0.123515657580749,1.00898258426966,2009-12-01,5.24733947368421
"TELMEX",201003,1.65e+08,1.02e+08,4.04e+08,176056.4,1.25e+08,3737803,13113152,"2010","03",-0.0892857142857143,-0.0585265468671798,1.04435513333333,2010-03-01,4.40141
"TELMEX",201006,1.7e+08,99888792,4.05e+08,166569.7,1.27e+08,3790149,23320380,"2010","06",-0.0919200727272727,-0.0416790495715077,0.957526770588235,2010-06-01,3.87371395348837
"TELMEX",201009,1.68e+08,97963912,4.07e+08,171113.5,1.24e+08,5789478,32873820,"2010","09",-0.0844494205607477,0.0612889491690366,0.98407155952381,2010-09-01,3.88894318181818
"TELMEX",201012,1.58e+08,99421328,4.1e+08,181692.6,1.14e+08,1.2e+07,39476396,"2010","12",-0.0620629433962264,-0.0188584275328489,1.07400379746835,2010-12-01,4.12937727272727
"TELMEX",201103,1.51e+08,96906984,78578304,197325.5,1.05e+08,11700000,7406817,"2011","03",-0.0499315294117647,-0.435161203042564,1.22930794701987,2011-03-01,4.2896847826087
"TELMEX",201106,1.54e+08,95757568,79714184,174830.2,1.07e+08,19400000,14883761,"2011","06",-0.0413582336644936,-0.361770219867772,1.00928701298701,2011-06-01,3.7197914893617
"TELMEX",201109,1.6e+08,95424672,85289624,187322.8,1.12e+08,19100000,20773212,"2011","09",-0.025920157210545,-0.368092542941465,1.0513925,2011-09-01,3.90255833333333
"TELMEX",201112,1.61e+08,98448624,90486728,182943.4,1.12e+08,12700000,27162136,"2011","12",-0.00978365527364511,-0.31193982348338,1.05741242236025,2011-12-01,3.7335387755102
"TELMEX",201203,1.58e+08,97260464,91634544,183158,1.07e+08,8810538,7883317,"2012","03",0.00364762151714473,0.0643326276320854,1.10346494936709,2012-03-01,3.59133333333333
"TELMEX",201206,1.56e+08,97677360,94773696,182451.3,1.03e+08,4236719,16262326,"2012","06",0.0200484623836729,0.0926220865814763,1.14240116025641,2012-06-01,3.44247735849057
"TELMEX",201209,1.6e+08,99183512,97934904,185437.3,1.04e+08,1.1e+07,18604910,"2012","09",0.0393906515078197,-0.104379717493857,1.090233125,2012-09-01,3.31138035714286
"TELMEX",201212,1.6e+08,1.03e+08,1.05e+08,163167,1.11e+08,4965457,32791860,"2012","12",0.0462309762704251,0.207263670279834,0.98875964375,2012-12-01,3.3299387755102
"TELMEX",201303,1.35e+08,1.01e+08,1.06e+08,NA,1.34e+08,4782466,5485716,"2013","03",0.0384486753014051,-0.304136063537721,NA,2013-03-01,NA
"TELMEX",201306,1.34e+08,98721552,1.06e+08,NA,1.31e+08,4824830,12725093,"2013","06",0.0106902152146618,-0.217510889893611,NA,2013-06-01,NA
"TELMEX",201309,1.14e+08,64755068,91057576,NA,1.02e+08,824096,14956796,"2013","09",-0.347118621893526,-0.196083399489705,NA,2013-09-01,NA
"TELMEX",201312,1.16e+08,63938224,93345464,NA,1.1e+08,4828187,23880780,"2013","12",-0.37924054368932,-0.271746707872015,NA,2013-12-01,NA
"TELMEX",201403,1.18e+08,62418196,94064768,NA,1.1e+08,12100000,5379034,"2014","03",-0.381998059405941,-0.0194472335060729,NA,2014-03-01,NA
"TELMEX",201406,1.21e+08,61844928,95385816,NA,1.11e+08,12100000,8903683,"2014","06",-0.373541777382106,-0.300305074391205,NA,2014-06-01,NA
"TELMEX",201409,1.17e+08,61622528,96993696,NA,1.05e+08,11500000,9890436,"2014","09",-0.0483752097982508,-0.338732974629058,NA,2014-09-01,NA
"TELMEX",201412,1.14e+08,62363956,1e+08,NA,1.04e+08,8165885,13612543,"2014","12",-0.0246217035993993,-0.429979129659919,NA,2014-12-01,NA
"TELMEX",201503,1.12e+08,62099220,1.01e+08,NA,1.01e+08,4500000,9477225,"2015","03",-0.0051103046938428,0.761882337981132,NA,2015-03-01,NA
"TELMEX",201506,1.14e+08,63238328,1.04e+08,NA,1.02e+08,4500000,13744275,"2015","06",0.0225305460780874,0.543661763339957,NA,2015-06-01,NA
"CEMEX",199503,53199364,30201196,41161428,15503.41,30165784,3448269,385687,"1995","03",0.766230518576325,-0.282281487634802,0.226603103751391,1995-03-01,0.673078609577842
"CEMEX",199506,51296128,30776524,44174472,23611.51,28207740,3789668,6528628,"1995","06",0.542196052594524,4.54124469100008,0.386419848297322,1995-06-01,1.02265736351971
"CEMEX",199509,53102088,31670780,45583452,33190.15,29551798,4578585,8784671,"1995","09",0.478564471106191,2.63300329732727,0.538803012793019,1995-09-01,1.40933084051194
"CEMEX",199512,64696264,38171288,54291128,36147.63,35579076,5769452,10851035,"1995","12",0.211108084941342,2.39222900394899,0.469550730162719,1995-12-01,1.2414533299026
"CEMEX",199603,58889496,34675336,50107532,38061.33,31611036,5269453,2613660,"1996","03",0.148144464212609,5.77663493973092,0.556837453660666,1996-03-01,1.39528881029208
"CEMEX",199606,65870960,39118196,54893416,38557.47,36670936,6221667,5675410,"1996","06",0.271040095366195,-0.130688714382256,0.490896185511795,1996-06-01,1.3204602160601
"CEMEX",199609,68433472,39348552,55485152,39975.02,38510784,6115006,8077837,"1996","09",0.242424468232232,-0.0804622051298222,0.494787316943381,1996-09-01,1.33594348208289
"CEMEX",199612,72120424,41656512,58417520,40194.32,40660488,2549551,10925462,"1996","12",0.091304857200522,0.00685897704689,0.521970988412381,1996-12-01,1.27763514839954
"CEMEX",199703,79192816,47009104,64769816,41115.88,43741464,2694065,1630176,"1997","03",0.355692818665117,-0.376286127499369,0.485167934929855,1997-03-01,1.15978313041489
"CEMEX",199706,81184968,47280060,65825096,48963.09,44862648,3030527,3454274,"1997","06",0.208646226937459,-0.391361328961256,0.565776696493863,1997-06-01,1.34801659145121
"CEMEX",199709,87992600,51764860,73040264,57904.17,47338780,3307040,7149288,"1997","09",0.315546757603685,-0.11495020263469,0.620474108049995,1997-09-01,1.42432297875083
"CEMEX",199712,87580480,51409328,71490672,51872.49,47380736,4685405,10720297,"1997","12",0.234124642984991,-0.0187786109182385,0.538785412000482,1997-12-01,1.29036866503428
"CEMEX",199803,87532272,50812544,71087960,53646.51,47206580,3969996,2446731,"1998","03",0.080908583154446,0.500899902832578,0.567522273385066,1998-03-01,1.33033079754713
"CEMEX",199806,85994616,50547068,70999752,48221.26,44350120,4187290,5006870,"1998","06",0.0690990662871409,0.449471003168828,0.512054963999142,1998-06-01,1.1579263679887
"CEMEX",199809,88227848,51908624,73515632,32076.07,47328008,5228676,7240465,"1998","09",0.00277725082227596,0.0127532979507889,0.304296144682119,1998-09-01,0.784259058226145
"CEMEX",199812,92295024,54195408,77486896,30504.41,46955808,6503598,10476998,"1998","12",0.0541940559892166,-0.0226951734639441,0.260044485171812,1998-12-01,0.67280409083386
"CEMEX",199903,95006760,52833832,75163288,57400.64,48184036,5897044,3652434,"1999","03",0.0397793111874107,0.492781184363953,0.542104540771625,1999-03-01,1.22591415228213
"CEMEX",199906,1e+08,58792800,82501832,61087.37,50346068,5683869,7227402,"1999","06",0.163129778368154,0.443497035073809,0.55403501,1999-06-01,1.23026248958491
"CEMEX",199909,97507760,56978672,79282504,60390.38,47850100,5848543,10323164,"1999","09",0.0976725562981596,0.425759809625487,0.559358937175872,1999-09-01,1.21613422783111
"CEMEX",199912,1.06e+08,61838448,84887336,71794.44,48508528,5065256,13500971,"1999","12",0.141027446458194,0.288629720078213,0.629520603773585,1999-12-01,1.24878416750227
"CEMEX",200003,1.07e+08,61556756,81917568,57164.63,51200600,3967205,3739791,"2000","03",0.16510110415614,0.0239174753055086,0.497172196261682,2000-03-01,1.02446675053854
"CEMEX",200006,1.05e+08,59106032,81295864,65237.81,50605520,5194596,6149134,"2000","06",0.00532772720469173,-0.149191645905403,0.571840133333333,2000-06-01,1.19934614688843
"CEMEX",200009,1.11e+08,61112696,81529424,53849.61,56009028,8349559,9669359,"2000","09",0.0725538847237436,-0.063333780224745,0.409910369369369,2000-09-01,0.979244556724693
"CEMEX",200012,1.44e+08,82410144,97755392,49373.98,73986072,20100000,15556890,"2000","12",0.332668374859602,0.152279343463518,0.203291527777778,2000-12-01,0.705202256328198
"CEMEX",200103,1.43e+08,78775288,95633872,57813.73,73524160,1.2e+07,3867194,"2001","03",0.279717989037629,0.0340668769992762,0.320375734265734,2001-03-01,0.832141504154538
"CEMEX",200106,1.55e+08,85461040,1.03e+08,72205.6,80839544,13300000,10417146,"2001","06",0.445893711829615,0.694083427032164,0.380036129032258,2001-06-01,0.973640183657986
"CEMEX",200109,1.54e+08,87132336,1.06e+08,58303.78,80938008,15200000,15310442,"2001","09",0.425764885253958,0.583397823992263,0.279894675324675,2001-09-01,0.798004248227998
"CEMEX",200112,1.54e+08,84666184,1.05e+08,68909.91,76500656,5026819,22052958,"2001","12",0.0273757560719709,0.417568550012245,0.414825266233766,2001-12-01,0.889167655406219
"CEMEX",200203,1.6e+08,86062832,1.11e+08,79755.73,79389944,6792248,4242056,"2002","03",0.092510534521943,0.0969338491940151,0.4560217625,2002-03-01,0.989401744119865
"CEMEX",200206,1.61e+08,87039248,1.13e+08,82532.82,86067352,7430661,7068813,"2002","06",0.0184669879982738,-0.321425177299041,0.466473037267081,2002-06-01,1.10142671055746
"CEMEX",200209,1.72e+08,93254248,1.2e+08,66499.12,96770320,10200000,12161400,"2002","09",0.0702599319729015,-0.205679365755737,0.327320465116279,2002-09-01,0.883947931188861
"CEMEX",200212,1.76e+08,98865544,1.29e+08,70273.24,99088896,6791902,18131134,"2002","12",0.167709932456623,-0.177836642141159,0.360689420454545,2002-12-01,0.913694334695807
"CEMEX",200303,1.76e+08,97491384,1.29e+08,62928.41,1.02e+08,11300000,-828404.4,"2003","03",0.132793120263577,-1.19528370205391,0.293343238636364,2003-03-01,0.850383918918919
"CEMEX",200306,1.86e+08,1e+08,1.35e+08,82520.38,1.06e+08,13900000,5965566,"2003","06",0.148906985041966,-0.156072455163264,0.368926774193548,2003-06-01,1.03150475
"CEMEX",200309,1.83e+08,1.01e+08,1.37e+08,97300.29,99807648,8044498,10625358,"2003","09",0.0830605807898424,-0.12630470176131,0.487736568306011,2003-09-01,1.16958215101311
"CEMEX",200312,1.82e+08,1.05e+08,1.45e+08,104211.2,1.05e+08,11300000,15003906,"2003","12",0.0620484726205522,-0.172478345811133,0.510501098901099,2003-12-01,1.35339220779221
"CEMEX",200403,1.87e+08,1.04e+08,1.44e+08,117521.6,1.1e+08,12200000,7167143,"2004","03",0.0667609355099524,-9.65174424471913,0.563217112299465,2004-03-01,1.52625454545455
"CEMEX",200406,1.75e+08,98422856,1.38e+08,123547.3,98163680,4879964,11502255,"2004","06",-0.01577144,0.928107911302968,0.678099062857143,2004-06-01,1.60792838595081
"CEMEX",200409,1.82e+08,98005664,1.39e+08,118588.8,1.01e+08,12300000,17292096,"2004","09",-0.0296468910891089,0.627436553196608,0.584004395604396,2004-09-01,1.46405925925926
"CEMEX",200412,1.8e+08,99390592,1.39e+08,150423.1,94715168,8899054,18628576,"2004","12",-0.0534229333333333,0.241581758776681,0.7862447,2004-12-01,1.76377318771056
"CEMEX",200503,2.83e+08,1.46e+08,1.93e+08,150273.7,1.91e+08,23800000,6883675,"2005","03",0.403846153846154,-0.0395510456537563,0.446903533568905,2005-03-01,1.6334097826087
"CEMEX",200506,2.97e+08,1.5e+08,2.01e+08,175498.4,1.91e+08,9444327,21819648,"2005","06",0.524036246215005,0.896988720907335,0.559104622895623,2005-06-01,1.65564528301887
"CEMEX",200509,2.8e+08,1.47e+08,1.97e+08,215846.8,1.69e+08,3819134,32428858,"2005","09",0.499913311132712,0.875357273057008,0.757241664285714,2005-09-01,1.94456576576577
"CEMEX",200512,2.98e+08,1.73e+08,1.75e+08,242579.7,1.83e+08,6339905,38032344,"2005","12",0.740607400748755,1.04161305727287,0.792750989932886,2005-12-01,2.10938869565217
"CEMEX",200603,3.09e+08,1.77e+08,1.78e+08,272136.3,1.87e+08,12600000,8567149,"2006","03",0.212328767123288,0.244560354752367,0.839923300970874,2006-03-01,2.23062540983607
"CEMEX",200606,3.13e+08,1.79e+08,1.81e+08,255953,1.82e+08,7415606,17026488,"2006","06",0.193333333333333,-0.219671738059202,0.794049182108626,2006-06-01,1.95383969465649
"CEMEX",200609,3.18e+08,1.84e+08,1.88e+08,261503.7,1.74e+08,15900000,9990120,"2006","09",0.251700680272109,-0.691937347901674,0.772338679245283,2006-09-01,1.81599791666667
"CEMEX",200612,3.38e+08,1.94e+08,1.97e+08,288818.7,1.72e+08,14100000,16619646,"2006","12",0.121387283236994,-0.563012839808138,0.812777218934911,2006-12-01,1.73987168674699
"CEMEX",200703,3.36e+08,1.94e+08,2e+08,285899.8,1.58e+08,8381684,6170100,"2007","03",0.096045197740113,-0.279795413853547,0.825946773809524,2007-03-01,1.60617865168539
"CEMEX",200706,4.85e+08,1.93e+08,1.98e+08,321421.6,2.93e+08,11400000,14819978,"2007","06",0.0782122905027933,-0.129592785076993,0.639219793814433,2007-06-01,1.67407083333333
"CEMEX",200709,5.33e+08,2.36e+08,2.34e+08,265060.2,3.23e+08,26600000,29257574,"2007","09",0.282608695652174,1.92865090709621,0.447392495309568,2007-09-01,1.26219142857143
"CEMEX",200712,5.42e+08,2.62e+08,2.32e+08,228544.8,3.38e+08,36300000,43057440,"2007","12",0.350515463917526,1.59075554316861,0.354695202952029,2007-12-01,1.12031764705882
"CEMEX",200803,5.44e+08,2.62e+08,2.34e+08,227173.5,3.35e+08,53400000,7101736,"2008","03",0.350515463917526,0.150992042268359,0.319436580882353,2008-03-01,1.08695454545455
"CEMEX",200806,5.35e+08,2.57e+08,2.3e+08,213510.7,3.15e+08,37600000,18761572,"2008","06",0.33160621761658,0.265964902242095,0.328805046728972,2008-06-01,0.970503181818182
"CEMEX",200809,5.41e+08,2.46e+08,2.11e+08,156838.8,3.2e+08,41200000,30548696,"2008","09",0.0423728813559322,0.0441294961776393,0.213750092421442,2008-09-01,0.709677828054299
"CEMEX",200812,6.24e+08,2.7e+08,2.45e+08,106295.4,3.86e+08,95300000,37916044,"2008","12",0.0305343511450382,-0.119407842175475,0.0176208333333333,2008-12-01,0.446619327731092
"CEMEX",200903,6.25e+08,2.69e+08,2.43e+08,74600.01,3.89e+08,59700000,4182564,"2009","03",0.0267175572519084,-0.411050481178123,0.023840016,2009-03-01,0.316101737288136
"CEMEX",200906,5.99e+08,2.61e+08,2.39e+08,107423.7,3.72e+08,74200000,13425229,"2009","06",0.0155642023346304,-0.28442941774815,0.0554652754590985,2009-06-01,0.473232158590308
"CEMEX",200909,6.15e+08,2.68e+08,2.47e+08,152045.9,3.55e+08,7328163,18375966,"2009","09",0.0894308943089431,-0.398469708821614,0.235313393495935,2009-09-01,0.584791923076923
"CEMEX",200912,5.82e+08,2.59e+08,2.43e+08,149756.6,3.25e+08,7393195,33731832,"2009","12",-0.0407407407407407,-0.110354656197783,0.244610661512027,2009-12-01,0.582710505836576
"CEMEX",201003,5.56e+08,2.39e+08,2.32e+08,122501.2,3.17e+08,9577893,1287066,"2010","03",-0.111524163568773,-0.692278229334925,0.203099473021583,2010-03-01,0.512557322175732
"CEMEX",201006,5.54e+08,2.38e+08,2.34e+08,126107.6,3.28e+08,6595394,6835858,"2010","06",-0.0881226053639847,-0.490820007614023,0.215726003610108,2010-06-01,0.557998230088496
"CEMEX",201009,5.5e+08,2.37e+08,2.37e+08,108003.3,3.27e+08,8069978,14856394,"2010","09",-0.115671641791045,-0.191531264261155,0.181696949090909,2010-09-01,0.484319730941704
"CEMEX",201012,5.15e+08,2.31e+08,2.34e+08,131987.1,3.01e+08,5637235,21837898,"2010","12",-0.108108108108108,-0.352602669193894,0.24533954368932,2010-12-01,0.61676214953271
"CEMEX",201103,5.06e+08,2.26e+08,2.31e+08,110793,2.99e+08,819197,876869,"2011","03",-0.0543933054393305,-0.318707043772425,0.217339531620553,2011-03-01,0.535231884057971
"CEMEX",201106,4.97e+08,2.22e+08,2.31e+08,104912.5,2.98e+08,3790917,3250216,"2011","06",-0.0672268907563025,-0.524534301326915,0.203463949698189,2011-06-01,0.527198492462312
"CEMEX",201109,5.54e+08,2.48e+08,2.56e+08,46451.29,3.4e+08,4568943,11046199,"2011","09",0.0464135021097046,-0.256468359684053,0.07559990433213,2011-09-01,0.217062102803738
"CEMEX",201112,5.48e+08,2.46e+08,2.52e+08,78000.49,3.41e+08,5201531,22611552,"2011","12",0.0649350649350649,0.0354271276475419,0.132844815693431,2011-12-01,0.376813961352657
"CEMEX",201203,5.08e+08,2.2e+08,1.71e+08,107365.8,3.51e+08,5137629,1049412,"2012","03",-0.0265486725663717,0.196771695658074,0.201236557086614,2012-03-01,0.683858598726115
"CEMEX",201206,5.13e+08,2.21e+08,1.74e+08,97758.16,3.53e+08,1485674,6100173,"2012","06",-0.0045045045045045,0.876851569249551,0.187665664717349,2012-06-01,0.6109885
"CEMEX",201209,5.02e+08,2.13e+08,1.71e+08,117116.4,3.46e+08,1497669,16354782,"2012","09",-0.141129032258065,0.480580061974259,0.230316197211155,2012-09-01,0.750746153846154
"CEMEX",201212,4.79e+08,2.13e+08,1.71e+08,138889.1,3.23e+08,1409663,25512446,"2012","12",-0.134146341463415,0.12829256479166,0.287013438413361,2012-12-01,0.890314743589744
"CEMEX",201303,4.6e+08,2.01e+08,1.63e+08,164375.6,3.08e+08,5795312,-344056,"2013","03",-0.0863636363636364,-1.32785598030135,0.344739756521739,2013-03-01,1.08141842105263
"CEMEX",201306,4.74e+08,2.04e+08,1.7e+08,156661.7,3.21e+08,5429055,2934476,"2013","06",-0.0769230769230769,-0.51895200349236,0.319056213080169,2013-06-01,1.02393267973856
"CEMEX",201309,4.84e+08,2.06e+08,1.74e+08,167449.5,3.29e+08,5898633,11738643,"2013","09",-0.0328638497652582,-0.282250108867241,0.333782783057851,2013-09-01,1.08031935483871
"CEMEX",201312,4.96e+08,2.06e+08,1.75e+08,175237,3.48e+08,4879206,20380640,"2013","12",-0.0328638497652582,-0.201149117571871,0.343463294354839,2013-12-01,1.18403378378378
"CEMEX",201403,4.94e+08,2.04e+08,1.75e+08,193063.6,3.45e+08,1.4e+07,626917,"2014","03",0.0149253731343284,-2.82213651266073,0.362476923076923,2014-03-01,1.2957288590604
"CEMEX",201406,4.89e+08,2.02e+08,1.76e+08,211038.8,3.38e+08,6460914,6098256,"2014","06",-0.00980392156862745,1.07814137856299,0.418359685071575,2014-06-01,1.39760794701987
"CEMEX",201409,4.97e+08,2e+08,1.76e+08,217982.9,3.44e+08,13400000,15986419,"2014","09",-0.029126213592233,0.361862610524913,0.411635613682093,2014-09-01,1.42472483660131
"CEMEX",201412,5.15e+08,2.03e+08,1.81e+08,187347,3.67e+08,17800000,28836232,"2014","12",-0.0145631067961165,0.414883536532709,0.329217475728155,2014-12-01,1.26585810810811
"CEMEX",201503,5.26e+08,2.04e+08,1.85e+08,180878.4,3.8e+08,29700000,2159609,"2015","03",0,2.44480848341966,0.287411406844106,2015-03-01,1.23889315068493
"CEMEX",201506,5.34e+08,2.1e+08,1.93e+08,193592.7,3.78e+08,6145655,9410645,"2015","06",0.0396039603960396,0.543169883324019,0.351024428838951,2015-06-01,1.24097884615385
